run_id	name	value	game_sim_settings
125	totalHealthy	260	"{\"DesiredNumShoppers\":20,\"DesiredNumContagious\":1,\"OneWayAisles\":true,\"SimulationTimeInSeconds\":600,\"SpawnCooldown\":0.75}"
125	totalExposed	153	"{\"DesiredNumShoppers\":20,\"DesiredNumContagious\":1,\"OneWayAisles\":true,\"SimulationTimeInSeconds\":600,\"SpawnCooldown\":0.75}"
124	totalHealthy	153	"{\"DesiredNumShoppers\":60,\"DesiredNumContagious\":5,\"OneWayAisles\":true,\"SimulationTimeInSeconds\":600,\"SpawnCooldown\":0.75}"
124	totalExposed	572	"{\"DesiredNumShoppers\":60,\"DesiredNumContagious\":5,\"OneWayAisles\":true,\"SimulationTimeInSeconds\":600,\"SpawnCooldown\":0.75}"
51	totalHealthy	366	"{\"DesiredNumShoppers\":30,\"DesiredNumContagious\":1,\"OneWayAisles\":true,\"SimulationTimeInSeconds\":600,\"SpawnCooldown\":0.75}"
51	totalExposed	234	"{\"DesiredNumShoppers\":30,\"DesiredNumContagious\":1,\"OneWayAisles\":true,\"SimulationTimeInSeconds\":600,\"SpawnCooldown\":0.75}"
7	totalHealthy	320	"{\"DesiredNumShoppers\":40,\"DesiredNumContagious\":2,\"OneWayAisles\":true,\"SimulationTimeInSeconds\":600,\"SpawnCooldown\":0.75}"
7	totalExposed	440	"{\"DesiredNumShoppers\":40,\"DesiredNumContagious\":2,\"OneWayAisles\":true,\"SimulationTimeInSeconds\":600,\"SpawnCooldown\":0.75}"
15	totalHealthy	93	"{\"DesiredNumShoppers\":20,\"DesiredNumContagious\":4,\"OneWayAisles\":true,\"SimulationTimeInSeconds\":600,\"SpawnCooldown\":0.75}"
15	totalExposed	246	"{\"DesiredNumShoppers\":20,\"DesiredNumContagious\":4,\"OneWayAisles\":true,\"SimulationTimeInSeconds\":600,\"SpawnCooldown\":0.75}"
54	totalHealthy	476	"{\"DesiredNumShoppers\":60,\"DesiredNumContagious\":1,\"OneWayAisles\":true,\"SimulationTimeInSeconds\":600,\"SpawnCooldown\":0.75}"
54	totalExposed	323	"{\"DesiredNumShoppers\":60,\"DesiredNumContagious\":1,\"OneWayAisles\":true,\"SimulationTimeInSeconds\":600,\"SpawnCooldown\":0.75}"
101	totalHealthy	395	"{\"DesiredNumShoppers\":30,\"DesiredNumContagious\":1,\"OneWayAisles\":true,\"SimulationTimeInSeconds\":600,\"SpawnCooldown\":0.75}"
101	totalExposed	225	"{\"DesiredNumShoppers\":30,\"DesiredNumContagious\":1,\"OneWayAisles\":true,\"SimulationTimeInSeconds\":600,\"SpawnCooldown\":0.75}"
11	totalHealthy	154	"{\"DesiredNumShoppers\":30,\"DesiredNumContagious\":3,\"OneWayAisles\":true,\"SimulationTimeInSeconds\":600,\"SpawnCooldown\":0.75}"
11	totalExposed	405	"{\"DesiredNumShoppers\":30,\"DesiredNumContagious\":3,\"OneWayAisles\":true,\"SimulationTimeInSeconds\":600,\"SpawnCooldown\":0.75}"
29	totalHealthy	497	"{\"DesiredNumShoppers\":60,\"DesiredNumContagious\":1,\"OneWayAisles\":true,\"SimulationTimeInSeconds\":600,\"SpawnCooldown\":0.75}"
29	totalExposed	302	"{\"DesiredNumShoppers\":60,\"DesiredNumContagious\":1,\"OneWayAisles\":true,\"SimulationTimeInSeconds\":600,\"SpawnCooldown\":0.75}"
69	totalHealthy	168	"{\"DesiredNumShoppers\":60,\"DesiredNumContagious\":4,\"OneWayAisles\":true,\"SimulationTimeInSeconds\":600,\"SpawnCooldown\":0.75}"
69	totalExposed	576	"{\"DesiredNumShoppers\":60,\"DesiredNumContagious\":4,\"OneWayAisles\":true,\"SimulationTimeInSeconds\":600,\"SpawnCooldown\":0.75}"
112	totalHealthy	199	"{\"DesiredNumShoppers\":40,\"DesiredNumContagious\":3,\"OneWayAisles\":true,\"SimulationTimeInSeconds\":600,\"SpawnCooldown\":0.75}"
112	totalExposed	501	"{\"DesiredNumShoppers\":40,\"DesiredNumContagious\":3,\"OneWayAisles\":true,\"SimulationTimeInSeconds\":600,\"SpawnCooldown\":0.75}"
42	totalHealthy	178	"{\"DesiredNumShoppers\":40,\"DesiredNumContagious\":4,\"OneWayAisles\":true,\"SimulationTimeInSeconds\":600,\"SpawnCooldown\":0.75}"
42	totalExposed	512	"{\"DesiredNumShoppers\":40,\"DesiredNumContagious\":4,\"OneWayAisles\":true,\"SimulationTimeInSeconds\":600,\"SpawnCooldown\":0.75}"
73	totalHealthy	134	"{\"DesiredNumShoppers\":50,\"DesiredNumContagious\":5,\"OneWayAisles\":true,\"SimulationTimeInSeconds\":600,\"SpawnCooldown\":0.75}"
73	totalExposed	600	"{\"DesiredNumShoppers\":50,\"DesiredNumContagious\":5,\"OneWayAisles\":true,\"SimulationTimeInSeconds\":600,\"SpawnCooldown\":0.75}"
87	totalHealthy	211	"{\"DesiredNumShoppers\":40,\"DesiredNumContagious\":3,\"OneWayAisles\":true,\"SimulationTimeInSeconds\":600,\"SpawnCooldown\":0.75}"
87	totalExposed	507	"{\"DesiredNumShoppers\":40,\"DesiredNumContagious\":3,\"OneWayAisles\":true,\"SimulationTimeInSeconds\":600,\"SpawnCooldown\":0.75}"
64	totalHealthy	225	"{\"DesiredNumShoppers\":60,\"DesiredNumContagious\":3,\"OneWayAisles\":true,\"SimulationTimeInSeconds\":600,\"SpawnCooldown\":0.75}"
64	totalExposed	523	"{\"DesiredNumShoppers\":60,\"DesiredNumContagious\":3,\"OneWayAisles\":true,\"SimulationTimeInSeconds\":600,\"SpawnCooldown\":0.75}"
3	totalHealthy	502	"{\"DesiredNumShoppers\":50,\"DesiredNumContagious\":1,\"OneWayAisles\":true,\"SimulationTimeInSeconds\":600,\"SpawnCooldown\":0.75}"
3	totalExposed	299	"{\"DesiredNumShoppers\":50,\"DesiredNumContagious\":1,\"OneWayAisles\":true,\"SimulationTimeInSeconds\":600,\"SpawnCooldown\":0.75}"
113	totalHealthy	224	"{\"DesiredNumShoppers\":50,\"DesiredNumContagious\":3,\"OneWayAisles\":true,\"SimulationTimeInSeconds\":600,\"SpawnCooldown\":0.75}"
113	totalExposed	529	"{\"DesiredNumShoppers\":50,\"DesiredNumContagious\":3,\"OneWayAisles\":true,\"SimulationTimeInSeconds\":600,\"SpawnCooldown\":0.75}"
30	totalHealthy	174	"{\"DesiredNumShoppers\":20,\"DesiredNumContagious\":2,\"OneWayAisles\":true,\"SimulationTimeInSeconds\":600,\"SpawnCooldown\":0.75}"
30	totalExposed	227	"{\"DesiredNumShoppers\":20,\"DesiredNumContagious\":2,\"OneWayAisles\":true,\"SimulationTimeInSeconds\":600,\"SpawnCooldown\":0.75}"
34	totalHealthy	352	"{\"DesiredNumShoppers\":60,\"DesiredNumContagious\":2,\"OneWayAisles\":true,\"SimulationTimeInSeconds\":600,\"SpawnCooldown\":0.75}"
34	totalExposed	417	"{\"DesiredNumShoppers\":60,\"DesiredNumContagious\":2,\"OneWayAisles\":true,\"SimulationTimeInSeconds\":600,\"SpawnCooldown\":0.75}"
59	totalHealthy	336	"{\"DesiredNumShoppers\":60,\"DesiredNumContagious\":2,\"OneWayAisles\":true,\"SimulationTimeInSeconds\":600,\"SpawnCooldown\":0.75}"
59	totalExposed	436	"{\"DesiredNumShoppers\":60,\"DesiredNumContagious\":2,\"OneWayAisles\":true,\"SimulationTimeInSeconds\":600,\"SpawnCooldown\":0.75}"
8	totalHealthy	334	"{\"DesiredNumShoppers\":50,\"DesiredNumContagious\":2,\"OneWayAisles\":true,\"SimulationTimeInSeconds\":600,\"SpawnCooldown\":0.75}"
8	totalExposed	435	"{\"DesiredNumShoppers\":50,\"DesiredNumContagious\":2,\"OneWayAisles\":true,\"SimulationTimeInSeconds\":600,\"SpawnCooldown\":0.75}"
22	totalHealthy	128	"{\"DesiredNumShoppers\":40,\"DesiredNumContagious\":5,\"OneWayAisles\":true,\"SimulationTimeInSeconds\":600,\"SpawnCooldown\":0.75}"
22	totalExposed	535	"{\"DesiredNumShoppers\":40,\"DesiredNumContagious\":5,\"OneWayAisles\":true,\"SimulationTimeInSeconds\":600,\"SpawnCooldown\":0.75}"
28	totalHealthy	520	"{\"DesiredNumShoppers\":50,\"DesiredNumContagious\":1,\"OneWayAisles\":true,\"SimulationTimeInSeconds\":600,\"SpawnCooldown\":0.75}"
28	totalExposed	289	"{\"DesiredNumShoppers\":50,\"DesiredNumContagious\":1,\"OneWayAisles\":true,\"SimulationTimeInSeconds\":600,\"SpawnCooldown\":0.75}"
85	totalHealthy	123	"{\"DesiredNumShoppers\":20,\"DesiredNumContagious\":3,\"OneWayAisles\":true,\"SimulationTimeInSeconds\":600,\"SpawnCooldown\":0.75}"
85	totalExposed	252	"{\"DesiredNumShoppers\":20,\"DesiredNumContagious\":3,\"OneWayAisles\":true,\"SimulationTimeInSeconds\":600,\"SpawnCooldown\":0.75}"
16	totalHealthy	129	"{\"DesiredNumShoppers\":30,\"DesiredNumContagious\":4,\"OneWayAisles\":true,\"SimulationTimeInSeconds\":600,\"SpawnCooldown\":0.75}"
16	totalExposed	427	"{\"DesiredNumShoppers\":30,\"DesiredNumContagious\":4,\"OneWayAisles\":true,\"SimulationTimeInSeconds\":600,\"SpawnCooldown\":0.75}"
35	totalHealthy	130	"{\"DesiredNumShoppers\":20,\"DesiredNumContagious\":3,\"OneWayAisles\":true,\"SimulationTimeInSeconds\":600,\"SpawnCooldown\":0.75}"
35	totalExposed	239	"{\"DesiredNumShoppers\":20,\"DesiredNumContagious\":3,\"OneWayAisles\":true,\"SimulationTimeInSeconds\":600,\"SpawnCooldown\":0.75}"
52	totalHealthy	443	"{\"DesiredNumShoppers\":40,\"DesiredNumContagious\":1,\"OneWayAisles\":true,\"SimulationTimeInSeconds\":600,\"SpawnCooldown\":0.75}"
52	totalExposed	283	"{\"DesiredNumShoppers\":40,\"DesiredNumContagious\":1,\"OneWayAisles\":true,\"SimulationTimeInSeconds\":600,\"SpawnCooldown\":0.75}"
71	totalHealthy	92	"{\"DesiredNumShoppers\":30,\"DesiredNumContagious\":5,\"OneWayAisles\":true,\"SimulationTimeInSeconds\":600,\"SpawnCooldown\":0.75}"
71	totalExposed	420	"{\"DesiredNumShoppers\":30,\"DesiredNumContagious\":5,\"OneWayAisles\":true,\"SimulationTimeInSeconds\":600,\"SpawnCooldown\":0.75}"
98	totalHealthy	146	"{\"DesiredNumShoppers\":50,\"DesiredNumContagious\":5,\"OneWayAisles\":true,\"SimulationTimeInSeconds\":600,\"SpawnCooldown\":0.75}"
98	totalExposed	569	"{\"DesiredNumShoppers\":50,\"DesiredNumContagious\":5,\"OneWayAisles\":true,\"SimulationTimeInSeconds\":600,\"SpawnCooldown\":0.75}"
47	totalHealthy	145	"{\"DesiredNumShoppers\":40,\"DesiredNumContagious\":5,\"OneWayAisles\":true,\"SimulationTimeInSeconds\":600,\"SpawnCooldown\":0.75}"
47	totalExposed	524	"{\"DesiredNumShoppers\":40,\"DesiredNumContagious\":5,\"OneWayAisles\":true,\"SimulationTimeInSeconds\":600,\"SpawnCooldown\":0.75}"
99	totalHealthy	129	"{\"DesiredNumShoppers\":60,\"DesiredNumContagious\":5,\"OneWayAisles\":true,\"SimulationTimeInSeconds\":600,\"SpawnCooldown\":0.75}"
99	totalExposed	561	"{\"DesiredNumShoppers\":60,\"DesiredNumContagious\":5,\"OneWayAisles\":true,\"SimulationTimeInSeconds\":600,\"SpawnCooldown\":0.75}"
107	totalHealthy	304	"{\"DesiredNumShoppers\":40,\"DesiredNumContagious\":2,\"OneWayAisles\":true,\"SimulationTimeInSeconds\":600,\"SpawnCooldown\":0.75}"
107	totalExposed	417	"{\"DesiredNumShoppers\":40,\"DesiredNumContagious\":2,\"OneWayAisles\":true,\"SimulationTimeInSeconds\":600,\"SpawnCooldown\":0.75}"
110	totalHealthy	129	"{\"DesiredNumShoppers\":20,\"DesiredNumContagious\":3,\"OneWayAisles\":true,\"SimulationTimeInSeconds\":600,\"SpawnCooldown\":0.75}"
110	totalExposed	216	"{\"DesiredNumShoppers\":20,\"DesiredNumContagious\":3,\"OneWayAisles\":true,\"SimulationTimeInSeconds\":600,\"SpawnCooldown\":0.75}"
96	totalHealthy	92	"{\"DesiredNumShoppers\":30,\"DesiredNumContagious\":5,\"OneWayAisles\":true,\"SimulationTimeInSeconds\":600,\"SpawnCooldown\":0.75}"
96	totalExposed	410	"{\"DesiredNumShoppers\":30,\"DesiredNumContagious\":5,\"OneWayAisles\":true,\"SimulationTimeInSeconds\":600,\"SpawnCooldown\":0.75}"
43	totalHealthy	212	"{\"DesiredNumShoppers\":50,\"DesiredNumContagious\":4,\"OneWayAisles\":true,\"SimulationTimeInSeconds\":600,\"SpawnCooldown\":0.75}"
43	totalExposed	545	"{\"DesiredNumShoppers\":50,\"DesiredNumContagious\":4,\"OneWayAisles\":true,\"SimulationTimeInSeconds\":600,\"SpawnCooldown\":0.75}"
5	totalHealthy	173	"{\"DesiredNumShoppers\":20,\"DesiredNumContagious\":2,\"OneWayAisles\":true,\"SimulationTimeInSeconds\":600,\"SpawnCooldown\":0.75}"
5	totalExposed	209	"{\"DesiredNumShoppers\":20,\"DesiredNumContagious\":2,\"OneWayAisles\":true,\"SimulationTimeInSeconds\":600,\"SpawnCooldown\":0.75}"
31	totalHealthy	279	"{\"DesiredNumShoppers\":30,\"DesiredNumContagious\":2,\"OneWayAisles\":true,\"SimulationTimeInSeconds\":600,\"SpawnCooldown\":0.75}"
31	totalExposed	298	"{\"DesiredNumShoppers\":30,\"DesiredNumContagious\":2,\"OneWayAisles\":true,\"SimulationTimeInSeconds\":600,\"SpawnCooldown\":0.75}"
100	totalHealthy	238	"{\"DesiredNumShoppers\":20,\"DesiredNumContagious\":1,\"OneWayAisles\":true,\"SimulationTimeInSeconds\":600,\"SpawnCooldown\":0.75}"
100	totalExposed	183	"{\"DesiredNumShoppers\":20,\"DesiredNumContagious\":1,\"OneWayAisles\":true,\"SimulationTimeInSeconds\":600,\"SpawnCooldown\":0.75}"
18	totalHealthy	172	"{\"DesiredNumShoppers\":50,\"DesiredNumContagious\":4,\"OneWayAisles\":true,\"SimulationTimeInSeconds\":600,\"SpawnCooldown\":0.75}"
18	totalExposed	540	"{\"DesiredNumShoppers\":50,\"DesiredNumContagious\":4,\"OneWayAisles\":true,\"SimulationTimeInSeconds\":600,\"SpawnCooldown\":0.75}"
70	totalHealthy	60	"{\"DesiredNumShoppers\":20,\"DesiredNumContagious\":5,\"OneWayAisles\":true,\"SimulationTimeInSeconds\":600,\"SpawnCooldown\":0.75}"
70	totalExposed	266	"{\"DesiredNumShoppers\":20,\"DesiredNumContagious\":5,\"OneWayAisles\":true,\"SimulationTimeInSeconds\":600,\"SpawnCooldown\":0.75}"
27	totalHealthy	488	"{\"DesiredNumShoppers\":40,\"DesiredNumContagious\":1,\"OneWayAisles\":true,\"SimulationTimeInSeconds\":600,\"SpawnCooldown\":0.75}"
27	totalExposed	269	"{\"DesiredNumShoppers\":40,\"DesiredNumContagious\":1,\"OneWayAisles\":true,\"SimulationTimeInSeconds\":600,\"SpawnCooldown\":0.75}"
61	totalHealthy	189	"{\"DesiredNumShoppers\":30,\"DesiredNumContagious\":3,\"OneWayAisles\":true,\"SimulationTimeInSeconds\":600,\"SpawnCooldown\":0.75}"
61	totalExposed	366	"{\"DesiredNumShoppers\":30,\"DesiredNumContagious\":3,\"OneWayAisles\":true,\"SimulationTimeInSeconds\":600,\"SpawnCooldown\":0.75}"
75	totalHealthy	240	"{\"DesiredNumShoppers\":20,\"DesiredNumContagious\":1,\"OneWayAisles\":true,\"SimulationTimeInSeconds\":600,\"SpawnCooldown\":0.75}"
75	totalExposed	188	"{\"DesiredNumShoppers\":20,\"DesiredNumContagious\":1,\"OneWayAisles\":true,\"SimulationTimeInSeconds\":600,\"SpawnCooldown\":0.75}"
17	totalHealthy	172	"{\"DesiredNumShoppers\":40,\"DesiredNumContagious\":4,\"OneWayAisles\":true,\"SimulationTimeInSeconds\":600,\"SpawnCooldown\":0.75}"
17	totalExposed	524	"{\"DesiredNumShoppers\":40,\"DesiredNumContagious\":4,\"OneWayAisles\":true,\"SimulationTimeInSeconds\":600,\"SpawnCooldown\":0.75}"
26	totalHealthy	373	"{\"DesiredNumShoppers\":30,\"DesiredNumContagious\":1,\"OneWayAisles\":true,\"SimulationTimeInSeconds\":600,\"SpawnCooldown\":0.75}"
26	totalExposed	227	"{\"DesiredNumShoppers\":30,\"DesiredNumContagious\":1,\"OneWayAisles\":true,\"SimulationTimeInSeconds\":600,\"SpawnCooldown\":0.75}"
120	totalHealthy	42	"{\"DesiredNumShoppers\":20,\"DesiredNumContagious\":5,\"OneWayAisles\":true,\"SimulationTimeInSeconds\":600,\"SpawnCooldown\":0.75}"
120	totalExposed	256	"{\"DesiredNumShoppers\":20,\"DesiredNumContagious\":5,\"OneWayAisles\":true,\"SimulationTimeInSeconds\":600,\"SpawnCooldown\":0.75}"
46	totalHealthy	79	"{\"DesiredNumShoppers\":30,\"DesiredNumContagious\":5,\"OneWayAisles\":true,\"SimulationTimeInSeconds\":600,\"SpawnCooldown\":0.75}"
46	totalExposed	418	"{\"DesiredNumShoppers\":30,\"DesiredNumContagious\":5,\"OneWayAisles\":true,\"SimulationTimeInSeconds\":600,\"SpawnCooldown\":0.75}"
78	totalHealthy	473	"{\"DesiredNumShoppers\":50,\"DesiredNumContagious\":1,\"OneWayAisles\":true,\"SimulationTimeInSeconds\":600,\"SpawnCooldown\":0.75}"
78	totalExposed	322	"{\"DesiredNumShoppers\":50,\"DesiredNumContagious\":1,\"OneWayAisles\":true,\"SimulationTimeInSeconds\":600,\"SpawnCooldown\":0.75}"
77	totalHealthy	454	"{\"DesiredNumShoppers\":40,\"DesiredNumContagious\":1,\"OneWayAisles\":true,\"SimulationTimeInSeconds\":600,\"SpawnCooldown\":0.75}"
77	totalExposed	296	"{\"DesiredNumShoppers\":40,\"DesiredNumContagious\":1,\"OneWayAisles\":true,\"SimulationTimeInSeconds\":600,\"SpawnCooldown\":0.75}"
89	totalHealthy	246	"{\"DesiredNumShoppers\":60,\"DesiredNumContagious\":3,\"OneWayAisles\":true,\"SimulationTimeInSeconds\":600,\"SpawnCooldown\":0.75}"
89	totalExposed	533	"{\"DesiredNumShoppers\":60,\"DesiredNumContagious\":3,\"OneWayAisles\":true,\"SimulationTimeInSeconds\":600,\"SpawnCooldown\":0.75}"
118	totalHealthy	180	"{\"DesiredNumShoppers\":50,\"DesiredNumContagious\":4,\"OneWayAisles\":true,\"SimulationTimeInSeconds\":600,\"SpawnCooldown\":0.75}"
118	totalExposed	554	"{\"DesiredNumShoppers\":50,\"DesiredNumContagious\":4,\"OneWayAisles\":true,\"SimulationTimeInSeconds\":600,\"SpawnCooldown\":0.75}"
6	totalHealthy	264	"{\"DesiredNumShoppers\":30,\"DesiredNumContagious\":2,\"OneWayAisles\":true,\"SimulationTimeInSeconds\":600,\"SpawnCooldown\":0.75}"
6	totalExposed	342	"{\"DesiredNumShoppers\":30,\"DesiredNumContagious\":2,\"OneWayAisles\":true,\"SimulationTimeInSeconds\":600,\"SpawnCooldown\":0.75}"
104	totalHealthy	490	"{\"DesiredNumShoppers\":60,\"DesiredNumContagious\":1,\"OneWayAisles\":true,\"SimulationTimeInSeconds\":600,\"SpawnCooldown\":0.75}"
104	totalExposed	300	"{\"DesiredNumShoppers\":60,\"DesiredNumContagious\":1,\"OneWayAisles\":true,\"SimulationTimeInSeconds\":600,\"SpawnCooldown\":0.75}"
60	totalHealthy	112	"{\"DesiredNumShoppers\":20,\"DesiredNumContagious\":3,\"OneWayAisles\":true,\"SimulationTimeInSeconds\":600,\"SpawnCooldown\":0.75}"
60	totalExposed	257	"{\"DesiredNumShoppers\":20,\"DesiredNumContagious\":3,\"OneWayAisles\":true,\"SimulationTimeInSeconds\":600,\"SpawnCooldown\":0.75}"
68	totalHealthy	149	"{\"DesiredNumShoppers\":50,\"DesiredNumContagious\":4,\"OneWayAisles\":true,\"SimulationTimeInSeconds\":600,\"SpawnCooldown\":0.75}"
68	totalExposed	592	"{\"DesiredNumShoppers\":50,\"DesiredNumContagious\":4,\"OneWayAisles\":true,\"SimulationTimeInSeconds\":600,\"SpawnCooldown\":0.75}"
90	totalHealthy	78	"{\"DesiredNumShoppers\":20,\"DesiredNumContagious\":4,\"OneWayAisles\":true,\"SimulationTimeInSeconds\":600,\"SpawnCooldown\":0.75}"
90	totalExposed	254	"{\"DesiredNumShoppers\":20,\"DesiredNumContagious\":4,\"OneWayAisles\":true,\"SimulationTimeInSeconds\":600,\"SpawnCooldown\":0.75}"
19	totalHealthy	207	"{\"DesiredNumShoppers\":60,\"DesiredNumContagious\":4,\"OneWayAisles\":true,\"SimulationTimeInSeconds\":600,\"SpawnCooldown\":0.75}"
19	totalExposed	537	"{\"DesiredNumShoppers\":60,\"DesiredNumContagious\":4,\"OneWayAisles\":true,\"SimulationTimeInSeconds\":600,\"SpawnCooldown\":0.75}"
23	totalHealthy	157	"{\"DesiredNumShoppers\":50,\"DesiredNumContagious\":5,\"OneWayAisles\":true,\"SimulationTimeInSeconds\":600,\"SpawnCooldown\":0.75}"
23	totalExposed	584	"{\"DesiredNumShoppers\":50,\"DesiredNumContagious\":5,\"OneWayAisles\":true,\"SimulationTimeInSeconds\":600,\"SpawnCooldown\":0.75}"
41	totalHealthy	128	"{\"DesiredNumShoppers\":30,\"DesiredNumContagious\":4,\"OneWayAisles\":true,\"SimulationTimeInSeconds\":600,\"SpawnCooldown\":0.75}"
41	totalExposed	418	"{\"DesiredNumShoppers\":30,\"DesiredNumContagious\":4,\"OneWayAisles\":true,\"SimulationTimeInSeconds\":600,\"SpawnCooldown\":0.75}"
102	totalHealthy	430	"{\"DesiredNumShoppers\":40,\"DesiredNumContagious\":1,\"OneWayAisles\":true,\"SimulationTimeInSeconds\":600,\"SpawnCooldown\":0.75}"
102	totalExposed	317	"{\"DesiredNumShoppers\":40,\"DesiredNumContagious\":1,\"OneWayAisles\":true,\"SimulationTimeInSeconds\":600,\"SpawnCooldown\":0.75}"
55	totalHealthy	203	"{\"DesiredNumShoppers\":20,\"DesiredNumContagious\":2,\"OneWayAisles\":true,\"SimulationTimeInSeconds\":600,\"SpawnCooldown\":0.75}"
55	totalExposed	230	"{\"DesiredNumShoppers\":20,\"DesiredNumContagious\":2,\"OneWayAisles\":true,\"SimulationTimeInSeconds\":600,\"SpawnCooldown\":0.75}"
111	totalHealthy	180	"{\"DesiredNumShoppers\":30,\"DesiredNumContagious\":3,\"OneWayAisles\":true,\"SimulationTimeInSeconds\":600,\"SpawnCooldown\":0.75}"
111	totalExposed	366	"{\"DesiredNumShoppers\":30,\"DesiredNumContagious\":3,\"OneWayAisles\":true,\"SimulationTimeInSeconds\":600,\"SpawnCooldown\":0.75}"
93	totalHealthy	192	"{\"DesiredNumShoppers\":50,\"DesiredNumContagious\":4,\"OneWayAisles\":true,\"SimulationTimeInSeconds\":600,\"SpawnCooldown\":0.75}"
93	totalExposed	552	"{\"DesiredNumShoppers\":50,\"DesiredNumContagious\":4,\"OneWayAisles\":true,\"SimulationTimeInSeconds\":600,\"SpawnCooldown\":0.75}"
95	totalHealthy	55	"{\"DesiredNumShoppers\":20,\"DesiredNumContagious\":5,\"OneWayAisles\":true,\"SimulationTimeInSeconds\":600,\"SpawnCooldown\":0.75}"
95	totalExposed	255	"{\"DesiredNumShoppers\":20,\"DesiredNumContagious\":5,\"OneWayAisles\":true,\"SimulationTimeInSeconds\":600,\"SpawnCooldown\":0.75}"
103	totalHealthy	478	"{\"DesiredNumShoppers\":50,\"DesiredNumContagious\":1,\"OneWayAisles\":true,\"SimulationTimeInSeconds\":600,\"SpawnCooldown\":0.75}"
103	totalExposed	320	"{\"DesiredNumShoppers\":50,\"DesiredNumContagious\":1,\"OneWayAisles\":true,\"SimulationTimeInSeconds\":600,\"SpawnCooldown\":0.75}"
38	totalHealthy	230	"{\"DesiredNumShoppers\":50,\"DesiredNumContagious\":3,\"OneWayAisles\":true,\"SimulationTimeInSeconds\":600,\"SpawnCooldown\":0.75}"
38	totalExposed	513	"{\"DesiredNumShoppers\":50,\"DesiredNumContagious\":3,\"OneWayAisles\":true,\"SimulationTimeInSeconds\":600,\"SpawnCooldown\":0.75}"
40	totalHealthy	77	"{\"DesiredNumShoppers\":20,\"DesiredNumContagious\":4,\"OneWayAisles\":true,\"SimulationTimeInSeconds\":600,\"SpawnCooldown\":0.75}"
40	totalExposed	270	"{\"DesiredNumShoppers\":20,\"DesiredNumContagious\":4,\"OneWayAisles\":true,\"SimulationTimeInSeconds\":600,\"SpawnCooldown\":0.75}"
25	totalHealthy	257	"{\"DesiredNumShoppers\":20,\"DesiredNumContagious\":1,\"OneWayAisles\":true,\"SimulationTimeInSeconds\":600,\"SpawnCooldown\":0.75}"
25	totalExposed	156	"{\"DesiredNumShoppers\":20,\"DesiredNumContagious\":1,\"OneWayAisles\":true,\"SimulationTimeInSeconds\":600,\"SpawnCooldown\":0.75}"
44	totalHealthy	196	"{\"DesiredNumShoppers\":60,\"DesiredNumContagious\":4,\"OneWayAisles\":true,\"SimulationTimeInSeconds\":600,\"SpawnCooldown\":0.75}"
44	totalExposed	547	"{\"DesiredNumShoppers\":60,\"DesiredNumContagious\":4,\"OneWayAisles\":true,\"SimulationTimeInSeconds\":600,\"SpawnCooldown\":0.75}"
115	totalHealthy	99	"{\"DesiredNumShoppers\":20,\"DesiredNumContagious\":4,\"OneWayAisles\":true,\"SimulationTimeInSeconds\":600,\"SpawnCooldown\":0.75}"
115	totalExposed	276	"{\"DesiredNumShoppers\":20,\"DesiredNumContagious\":4,\"OneWayAisles\":true,\"SimulationTimeInSeconds\":600,\"SpawnCooldown\":0.75}"
82	totalHealthy	314	"{\"DesiredNumShoppers\":40,\"DesiredNumContagious\":2,\"OneWayAisles\":true,\"SimulationTimeInSeconds\":600,\"SpawnCooldown\":0.75}"
82	totalExposed	448	"{\"DesiredNumShoppers\":40,\"DesiredNumContagious\":2,\"OneWayAisles\":true,\"SimulationTimeInSeconds\":600,\"SpawnCooldown\":0.75}"
53	totalHealthy	481	"{\"DesiredNumShoppers\":50,\"DesiredNumContagious\":1,\"OneWayAisles\":true,\"SimulationTimeInSeconds\":600,\"SpawnCooldown\":0.75}"
53	totalExposed	319	"{\"DesiredNumShoppers\":50,\"DesiredNumContagious\":1,\"OneWayAisles\":true,\"SimulationTimeInSeconds\":600,\"SpawnCooldown\":0.75}"
92	totalHealthy	196	"{\"DesiredNumShoppers\":40,\"DesiredNumContagious\":4,\"OneWayAisles\":true,\"SimulationTimeInSeconds\":600,\"SpawnCooldown\":0.75}"
92	totalExposed	513	"{\"DesiredNumShoppers\":40,\"DesiredNumContagious\":4,\"OneWayAisles\":true,\"SimulationTimeInSeconds\":600,\"SpawnCooldown\":0.75}"
122	totalHealthy	145	"{\"DesiredNumShoppers\":40,\"DesiredNumContagious\":5,\"OneWayAisles\":true,\"SimulationTimeInSeconds\":600,\"SpawnCooldown\":0.75}"
122	totalExposed	528	"{\"DesiredNumShoppers\":40,\"DesiredNumContagious\":5,\"OneWayAisles\":true,\"SimulationTimeInSeconds\":600,\"SpawnCooldown\":0.75}"
108	totalHealthy	323	"{\"DesiredNumShoppers\":50,\"DesiredNumContagious\":2,\"OneWayAisles\":true,\"SimulationTimeInSeconds\":600,\"SpawnCooldown\":0.75}"
108	totalExposed	459	"{\"DesiredNumShoppers\":50,\"DesiredNumContagious\":2,\"OneWayAisles\":true,\"SimulationTimeInSeconds\":600,\"SpawnCooldown\":0.75}"
117	totalHealthy	139	"{\"DesiredNumShoppers\":40,\"DesiredNumContagious\":4,\"OneWayAisles\":true,\"SimulationTimeInSeconds\":600,\"SpawnCooldown\":0.75}"
117	totalExposed	527	"{\"DesiredNumShoppers\":40,\"DesiredNumContagious\":4,\"OneWayAisles\":true,\"SimulationTimeInSeconds\":600,\"SpawnCooldown\":0.75}"
86	totalHealthy	164	"{\"DesiredNumShoppers\":30,\"DesiredNumContagious\":3,\"OneWayAisles\":true,\"SimulationTimeInSeconds\":600,\"SpawnCooldown\":0.75}"
86	totalExposed	393	"{\"DesiredNumShoppers\":30,\"DesiredNumContagious\":3,\"OneWayAisles\":true,\"SimulationTimeInSeconds\":600,\"SpawnCooldown\":0.75}"
58	totalHealthy	323	"{\"DesiredNumShoppers\":50,\"DesiredNumContagious\":2,\"OneWayAisles\":true,\"SimulationTimeInSeconds\":600,\"SpawnCooldown\":0.75}"
58	totalExposed	444	"{\"DesiredNumShoppers\":50,\"DesiredNumContagious\":2,\"OneWayAisles\":true,\"SimulationTimeInSeconds\":600,\"SpawnCooldown\":0.75}"
81	totalHealthy	233	"{\"DesiredNumShoppers\":30,\"DesiredNumContagious\":2,\"OneWayAisles\":true,\"SimulationTimeInSeconds\":600,\"SpawnCooldown\":0.75}"
81	totalExposed	321	"{\"DesiredNumShoppers\":30,\"DesiredNumContagious\":2,\"OneWayAisles\":true,\"SimulationTimeInSeconds\":600,\"SpawnCooldown\":0.75}"
114	totalHealthy	239	"{\"DesiredNumShoppers\":60,\"DesiredNumContagious\":3,\"OneWayAisles\":true,\"SimulationTimeInSeconds\":600,\"SpawnCooldown\":0.75}"
114	totalExposed	521	"{\"DesiredNumShoppers\":60,\"DesiredNumContagious\":3,\"OneWayAisles\":true,\"SimulationTimeInSeconds\":600,\"SpawnCooldown\":0.75}"
33	totalHealthy	320	"{\"DesiredNumShoppers\":50,\"DesiredNumContagious\":2,\"OneWayAisles\":true,\"SimulationTimeInSeconds\":600,\"SpawnCooldown\":0.75}"
33	totalExposed	455	"{\"DesiredNumShoppers\":50,\"DesiredNumContagious\":2,\"OneWayAisles\":true,\"SimulationTimeInSeconds\":600,\"SpawnCooldown\":0.75}"
48	totalHealthy	155	"{\"DesiredNumShoppers\":50,\"DesiredNumContagious\":5,\"OneWayAisles\":true,\"SimulationTimeInSeconds\":600,\"SpawnCooldown\":0.75}"
48	totalExposed	536	"{\"DesiredNumShoppers\":50,\"DesiredNumContagious\":5,\"OneWayAisles\":true,\"SimulationTimeInSeconds\":600,\"SpawnCooldown\":0.75}"
97	totalHealthy	146	"{\"DesiredNumShoppers\":40,\"DesiredNumContagious\":5,\"OneWayAisles\":true,\"SimulationTimeInSeconds\":600,\"SpawnCooldown\":0.75}"
97	totalExposed	544	"{\"DesiredNumShoppers\":40,\"DesiredNumContagious\":5,\"OneWayAisles\":true,\"SimulationTimeInSeconds\":600,\"SpawnCooldown\":0.75}"
106	totalHealthy	243	"{\"DesiredNumShoppers\":30,\"DesiredNumContagious\":2,\"OneWayAisles\":true,\"SimulationTimeInSeconds\":600,\"SpawnCooldown\":0.75}"
106	totalExposed	360	"{\"DesiredNumShoppers\":30,\"DesiredNumContagious\":2,\"OneWayAisles\":true,\"SimulationTimeInSeconds\":600,\"SpawnCooldown\":0.75}"
67	totalHealthy	181	"{\"DesiredNumShoppers\":40,\"DesiredNumContagious\":4,\"OneWayAisles\":true,\"SimulationTimeInSeconds\":600,\"SpawnCooldown\":0.75}"
67	totalExposed	508	"{\"DesiredNumShoppers\":40,\"DesiredNumContagious\":4,\"OneWayAisles\":true,\"SimulationTimeInSeconds\":600,\"SpawnCooldown\":0.75}"
84	totalHealthy	330	"{\"DesiredNumShoppers\":60,\"DesiredNumContagious\":2,\"OneWayAisles\":true,\"SimulationTimeInSeconds\":600,\"SpawnCooldown\":0.75}"
84	totalExposed	457	"{\"DesiredNumShoppers\":60,\"DesiredNumContagious\":2,\"OneWayAisles\":true,\"SimulationTimeInSeconds\":600,\"SpawnCooldown\":0.75}"
79	totalHealthy	510	"{\"DesiredNumShoppers\":60,\"DesiredNumContagious\":1,\"OneWayAisles\":true,\"SimulationTimeInSeconds\":600,\"SpawnCooldown\":0.75}"
79	totalExposed	293	"{\"DesiredNumShoppers\":60,\"DesiredNumContagious\":1,\"OneWayAisles\":true,\"SimulationTimeInSeconds\":600,\"SpawnCooldown\":0.75}"
24	totalHealthy	128	"{\"DesiredNumShoppers\":60,\"DesiredNumContagious\":5,\"OneWayAisles\":true,\"SimulationTimeInSeconds\":600,\"SpawnCooldown\":0.75}"
24	totalExposed	582	"{\"DesiredNumShoppers\":60,\"DesiredNumContagious\":5,\"OneWayAisles\":true,\"SimulationTimeInSeconds\":600,\"SpawnCooldown\":0.75}"
9	totalHealthy	334	"{\"DesiredNumShoppers\":60,\"DesiredNumContagious\":2,\"OneWayAisles\":true,\"SimulationTimeInSeconds\":600,\"SpawnCooldown\":0.75}"
9	totalExposed	437	"{\"DesiredNumShoppers\":60,\"DesiredNumContagious\":2,\"OneWayAisles\":true,\"SimulationTimeInSeconds\":600,\"SpawnCooldown\":0.75}"
116	totalHealthy	139	"{\"DesiredNumShoppers\":30,\"DesiredNumContagious\":4,\"OneWayAisles\":true,\"SimulationTimeInSeconds\":600,\"SpawnCooldown\":0.75}"
116	totalExposed	388	"{\"DesiredNumShoppers\":30,\"DesiredNumContagious\":4,\"OneWayAisles\":true,\"SimulationTimeInSeconds\":600,\"SpawnCooldown\":0.75}"
32	totalHealthy	313	"{\"DesiredNumShoppers\":40,\"DesiredNumContagious\":2,\"OneWayAisles\":true,\"SimulationTimeInSeconds\":600,\"SpawnCooldown\":0.75}"
32	totalExposed	425	"{\"DesiredNumShoppers\":40,\"DesiredNumContagious\":2,\"OneWayAisles\":true,\"SimulationTimeInSeconds\":600,\"SpawnCooldown\":0.75}"
88	totalHealthy	244	"{\"DesiredNumShoppers\":50,\"DesiredNumContagious\":3,\"OneWayAisles\":true,\"SimulationTimeInSeconds\":600,\"SpawnCooldown\":0.75}"
88	totalExposed	538	"{\"DesiredNumShoppers\":50,\"DesiredNumContagious\":3,\"OneWayAisles\":true,\"SimulationTimeInSeconds\":600,\"SpawnCooldown\":0.75}"
1	totalHealthy	394	"{\"DesiredNumShoppers\":30,\"DesiredNumContagious\":1,\"OneWayAisles\":true,\"SimulationTimeInSeconds\":600,\"SpawnCooldown\":0.75}"
1	totalExposed	230	"{\"DesiredNumShoppers\":30,\"DesiredNumContagious\":1,\"OneWayAisles\":true,\"SimulationTimeInSeconds\":600,\"SpawnCooldown\":0.75}"
105	totalHealthy	143	"{\"DesiredNumShoppers\":20,\"DesiredNumContagious\":2,\"OneWayAisles\":true,\"SimulationTimeInSeconds\":600,\"SpawnCooldown\":0.75}"
105	totalExposed	203	"{\"DesiredNumShoppers\":20,\"DesiredNumContagious\":2,\"OneWayAisles\":true,\"SimulationTimeInSeconds\":600,\"SpawnCooldown\":0.75}"
20	totalHealthy	67	"{\"DesiredNumShoppers\":20,\"DesiredNumContagious\":5,\"OneWayAisles\":true,\"SimulationTimeInSeconds\":600,\"SpawnCooldown\":0.75}"
20	totalExposed	267	"{\"DesiredNumShoppers\":20,\"DesiredNumContagious\":5,\"OneWayAisles\":true,\"SimulationTimeInSeconds\":600,\"SpawnCooldown\":0.75}"
56	totalHealthy	253	"{\"DesiredNumShoppers\":30,\"DesiredNumContagious\":2,\"OneWayAisles\":true,\"SimulationTimeInSeconds\":600,\"SpawnCooldown\":0.75}"
56	totalExposed	345	"{\"DesiredNumShoppers\":30,\"DesiredNumContagious\":2,\"OneWayAisles\":true,\"SimulationTimeInSeconds\":600,\"SpawnCooldown\":0.75}"
36	totalHealthy	147	"{\"DesiredNumShoppers\":30,\"DesiredNumContagious\":3,\"OneWayAisles\":true,\"SimulationTimeInSeconds\":600,\"SpawnCooldown\":0.75}"
36	totalExposed	398	"{\"DesiredNumShoppers\":30,\"DesiredNumContagious\":3,\"OneWayAisles\":true,\"SimulationTimeInSeconds\":600,\"SpawnCooldown\":0.75}"
10	totalHealthy	116	"{\"DesiredNumShoppers\":20,\"DesiredNumContagious\":3,\"OneWayAisles\":true,\"SimulationTimeInSeconds\":600,\"SpawnCooldown\":0.75}"
10	totalExposed	270	"{\"DesiredNumShoppers\":20,\"DesiredNumContagious\":3,\"OneWayAisles\":true,\"SimulationTimeInSeconds\":600,\"SpawnCooldown\":0.75}"
37	totalHealthy	206	"{\"DesiredNumShoppers\":40,\"DesiredNumContagious\":3,\"OneWayAisles\":true,\"SimulationTimeInSeconds\":600,\"SpawnCooldown\":0.75}"
37	totalExposed	505	"{\"DesiredNumShoppers\":40,\"DesiredNumContagious\":3,\"OneWayAisles\":true,\"SimulationTimeInSeconds\":600,\"SpawnCooldown\":0.75}"
49	totalHealthy	140	"{\"DesiredNumShoppers\":60,\"DesiredNumContagious\":5,\"OneWayAisles\":true,\"SimulationTimeInSeconds\":600,\"SpawnCooldown\":0.75}"
49	totalExposed	573	"{\"DesiredNumShoppers\":60,\"DesiredNumContagious\":5,\"OneWayAisles\":true,\"SimulationTimeInSeconds\":600,\"SpawnCooldown\":0.75}"
63	totalHealthy	262	"{\"DesiredNumShoppers\":50,\"DesiredNumContagious\":3,\"OneWayAisles\":true,\"SimulationTimeInSeconds\":600,\"SpawnCooldown\":0.75}"
63	totalExposed	470	"{\"DesiredNumShoppers\":50,\"DesiredNumContagious\":3,\"OneWayAisles\":true,\"SimulationTimeInSeconds\":600,\"SpawnCooldown\":0.75}"
65	totalHealthy	73	"{\"DesiredNumShoppers\":20,\"DesiredNumContagious\":4,\"OneWayAisles\":true,\"SimulationTimeInSeconds\":600,\"SpawnCooldown\":0.75}"
65	totalExposed	258	"{\"DesiredNumShoppers\":20,\"DesiredNumContagious\":4,\"OneWayAisles\":true,\"SimulationTimeInSeconds\":600,\"SpawnCooldown\":0.75}"
121	totalHealthy	116	"{\"DesiredNumShoppers\":30,\"DesiredNumContagious\":5,\"OneWayAisles\":true,\"SimulationTimeInSeconds\":600,\"SpawnCooldown\":0.75}"
121	totalExposed	379	"{\"DesiredNumShoppers\":30,\"DesiredNumContagious\":5,\"OneWayAisles\":true,\"SimulationTimeInSeconds\":600,\"SpawnCooldown\":0.75}"
4	totalHealthy	474	"{\"DesiredNumShoppers\":60,\"DesiredNumContagious\":1,\"OneWayAisles\":true,\"SimulationTimeInSeconds\":600,\"SpawnCooldown\":0.75}"
4	totalExposed	333	"{\"DesiredNumShoppers\":60,\"DesiredNumContagious\":1,\"OneWayAisles\":true,\"SimulationTimeInSeconds\":600,\"SpawnCooldown\":0.75}"
39	totalHealthy	251	"{\"DesiredNumShoppers\":60,\"DesiredNumContagious\":3,\"OneWayAisles\":true,\"SimulationTimeInSeconds\":600,\"SpawnCooldown\":0.75}"
39	totalExposed	505	"{\"DesiredNumShoppers\":60,\"DesiredNumContagious\":3,\"OneWayAisles\":true,\"SimulationTimeInSeconds\":600,\"SpawnCooldown\":0.75}"
62	totalHealthy	247	"{\"DesiredNumShoppers\":40,\"DesiredNumContagious\":3,\"OneWayAisles\":true,\"SimulationTimeInSeconds\":600,\"SpawnCooldown\":0.75}"
62	totalExposed	478	"{\"DesiredNumShoppers\":40,\"DesiredNumContagious\":3,\"OneWayAisles\":true,\"SimulationTimeInSeconds\":600,\"SpawnCooldown\":0.75}"
12	totalHealthy	219	"{\"DesiredNumShoppers\":40,\"DesiredNumContagious\":3,\"OneWayAisles\":true,\"SimulationTimeInSeconds\":600,\"SpawnCooldown\":0.75}"
12	totalExposed	507	"{\"DesiredNumShoppers\":40,\"DesiredNumContagious\":3,\"OneWayAisles\":true,\"SimulationTimeInSeconds\":600,\"SpawnCooldown\":0.75}"
83	totalHealthy	311	"{\"DesiredNumShoppers\":50,\"DesiredNumContagious\":2,\"OneWayAisles\":true,\"SimulationTimeInSeconds\":600,\"SpawnCooldown\":0.75}"
83	totalExposed	452	"{\"DesiredNumShoppers\":50,\"DesiredNumContagious\":2,\"OneWayAisles\":true,\"SimulationTimeInSeconds\":600,\"SpawnCooldown\":0.75}"
109	totalHealthy	324	"{\"DesiredNumShoppers\":60,\"DesiredNumContagious\":2,\"OneWayAisles\":true,\"SimulationTimeInSeconds\":600,\"SpawnCooldown\":0.75}"
109	totalExposed	455	"{\"DesiredNumShoppers\":60,\"DesiredNumContagious\":2,\"OneWayAisles\":true,\"SimulationTimeInSeconds\":600,\"SpawnCooldown\":0.75}"
123	totalHealthy	141	"{\"DesiredNumShoppers\":50,\"DesiredNumContagious\":5,\"OneWayAisles\":true,\"SimulationTimeInSeconds\":600,\"SpawnCooldown\":0.75}"
123	totalExposed	578	"{\"DesiredNumShoppers\":50,\"DesiredNumContagious\":5,\"OneWayAisles\":true,\"SimulationTimeInSeconds\":600,\"SpawnCooldown\":0.75}"
13	totalHealthy	247	"{\"DesiredNumShoppers\":50,\"DesiredNumContagious\":3,\"OneWayAisles\":true,\"SimulationTimeInSeconds\":600,\"SpawnCooldown\":0.75}"
13	totalExposed	515	"{\"DesiredNumShoppers\":50,\"DesiredNumContagious\":3,\"OneWayAisles\":true,\"SimulationTimeInSeconds\":600,\"SpawnCooldown\":0.75}"
14	totalHealthy	217	"{\"DesiredNumShoppers\":60,\"DesiredNumContagious\":3,\"OneWayAisles\":true,\"SimulationTimeInSeconds\":600,\"SpawnCooldown\":0.75}"
14	totalExposed	526	"{\"DesiredNumShoppers\":60,\"DesiredNumContagious\":3,\"OneWayAisles\":true,\"SimulationTimeInSeconds\":600,\"SpawnCooldown\":0.75}"
21	totalHealthy	93	"{\"DesiredNumShoppers\":30,\"DesiredNumContagious\":5,\"OneWayAisles\":true,\"SimulationTimeInSeconds\":600,\"SpawnCooldown\":0.75}"
21	totalExposed	400	"{\"DesiredNumShoppers\":30,\"DesiredNumContagious\":5,\"OneWayAisles\":true,\"SimulationTimeInSeconds\":600,\"SpawnCooldown\":0.75}"
66	totalHealthy	128	"{\"DesiredNumShoppers\":30,\"DesiredNumContagious\":4,\"OneWayAisles\":true,\"SimulationTimeInSeconds\":600,\"SpawnCooldown\":0.75}"
66	totalExposed	429	"{\"DesiredNumShoppers\":30,\"DesiredNumContagious\":4,\"OneWayAisles\":true,\"SimulationTimeInSeconds\":600,\"SpawnCooldown\":0.75}"
91	totalHealthy	148	"{\"DesiredNumShoppers\":30,\"DesiredNumContagious\":4,\"OneWayAisles\":true,\"SimulationTimeInSeconds\":600,\"SpawnCooldown\":0.75}"
91	totalExposed	419	"{\"DesiredNumShoppers\":30,\"DesiredNumContagious\":4,\"OneWayAisles\":true,\"SimulationTimeInSeconds\":600,\"SpawnCooldown\":0.75}"
94	totalHealthy	191	"{\"DesiredNumShoppers\":60,\"DesiredNumContagious\":4,\"OneWayAisles\":true,\"SimulationTimeInSeconds\":600,\"SpawnCooldown\":0.75}"
94	totalExposed	553	"{\"DesiredNumShoppers\":60,\"DesiredNumContagious\":4,\"OneWayAisles\":true,\"SimulationTimeInSeconds\":600,\"SpawnCooldown\":0.75}"
72	totalHealthy	142	"{\"DesiredNumShoppers\":40,\"DesiredNumContagious\":5,\"OneWayAisles\":true,\"SimulationTimeInSeconds\":600,\"SpawnCooldown\":0.75}"
72	totalExposed	529	"{\"DesiredNumShoppers\":40,\"DesiredNumContagious\":5,\"OneWayAisles\":true,\"SimulationTimeInSeconds\":600,\"SpawnCooldown\":0.75}"
74	totalHealthy	140	"{\"DesiredNumShoppers\":60,\"DesiredNumContagious\":5,\"OneWayAisles\":true,\"SimulationTimeInSeconds\":600,\"SpawnCooldown\":0.75}"
74	totalExposed	583	"{\"DesiredNumShoppers\":60,\"DesiredNumContagious\":5,\"OneWayAisles\":true,\"SimulationTimeInSeconds\":600,\"SpawnCooldown\":0.75}"
76	totalHealthy	327	"{\"DesiredNumShoppers\":30,\"DesiredNumContagious\":1,\"OneWayAisles\":true,\"SimulationTimeInSeconds\":600,\"SpawnCooldown\":0.75}"
76	totalExposed	268	"{\"DesiredNumShoppers\":30,\"DesiredNumContagious\":1,\"OneWayAisles\":true,\"SimulationTimeInSeconds\":600,\"SpawnCooldown\":0.75}"
2	totalHealthy	462	"{\"DesiredNumShoppers\":40,\"DesiredNumContagious\":1,\"OneWayAisles\":true,\"SimulationTimeInSeconds\":600,\"SpawnCooldown\":0.75}"
2	totalExposed	298	"{\"DesiredNumShoppers\":40,\"DesiredNumContagious\":1,\"OneWayAisles\":true,\"SimulationTimeInSeconds\":600,\"SpawnCooldown\":0.75}"
80	totalHealthy	153	"{\"DesiredNumShoppers\":20,\"DesiredNumContagious\":2,\"OneWayAisles\":true,\"SimulationTimeInSeconds\":600,\"SpawnCooldown\":0.75}"
80	totalExposed	219	"{\"DesiredNumShoppers\":20,\"DesiredNumContagious\":2,\"OneWayAisles\":true,\"SimulationTimeInSeconds\":600,\"SpawnCooldown\":0.75}"
50	totalHealthy	230	"{\"DesiredNumShoppers\":20,\"DesiredNumContagious\":1,\"OneWayAisles\":true,\"SimulationTimeInSeconds\":600,\"SpawnCooldown\":0.75}"
50	totalExposed	173	"{\"DesiredNumShoppers\":20,\"DesiredNumContagious\":1,\"OneWayAisles\":true,\"SimulationTimeInSeconds\":600,\"SpawnCooldown\":0.75}"
45	totalHealthy	73	"{\"DesiredNumShoppers\":20,\"DesiredNumContagious\":5,\"OneWayAisles\":true,\"SimulationTimeInSeconds\":600,\"SpawnCooldown\":0.75}"
45	totalExposed	249	"{\"DesiredNumShoppers\":20,\"DesiredNumContagious\":5,\"OneWayAisles\":true,\"SimulationTimeInSeconds\":600,\"SpawnCooldown\":0.75}"
57	totalHealthy	299	"{\"DesiredNumShoppers\":40,\"DesiredNumContagious\":2,\"OneWayAisles\":true,\"SimulationTimeInSeconds\":600,\"SpawnCooldown\":0.75}"
57	totalExposed	438	"{\"DesiredNumShoppers\":40,\"DesiredNumContagious\":2,\"OneWayAisles\":true,\"SimulationTimeInSeconds\":600,\"SpawnCooldown\":0.75}"
119	totalHealthy	170	"{\"DesiredNumShoppers\":60,\"DesiredNumContagious\":4,\"OneWayAisles\":true,\"SimulationTimeInSeconds\":600,\"SpawnCooldown\":0.75}"
119	totalExposed	565	"{\"DesiredNumShoppers\":60,\"DesiredNumContagious\":4,\"OneWayAisles\":true,\"SimulationTimeInSeconds\":600,\"SpawnCooldown\":0.75}"
